{"flutter":{"platforms":{"android":{"default":{"projectId":"ccs-sep","appId":"1:368537736108:android:125c7100790db87e6d2009","fileOutput":"android/app/google-services.json"}},"dart":{"lib/firebase_options.dart":{"projectId":"ccs-sep","configurations":{"android":"1:368537736108:android:125c7100790db87e6d2009","ios":"1:368537736108:ios:051aeecba6bff4b66d2009","macos":"1:368537736108:ios:051aeecba6bff4b66d2009","web":"1:368537736108:web:72d9f21a53f6e8236d2009","windows":"1:368537736108:web:7857254e4cf72e996d2009"}}}}}}